이름,구분,예매날짜,등록일,링크
Dragon Pony (드래곤포니) 1st Concert 'Not Out' in Seoul ,콘서트,2025년 3월 11일(화) 오후 6시,2025.02.24,https://ticket.interpark.com/webzine/paper/TPNoticeView.asp?bbsno=34&pageno=1&stext=&no=54583&groupno=54583&seq=0&KindOfGoods=TICKET&Genre=&sort=WriteDate
연극 〈불란서 특파단〉,연극,2025년 2월 26일(수) 오후 4시,2025.02.24,https://ticket.interpark.com/webzine/paper/TPNoticeView.asp?bbsno=34&pageno=1&stext=&no=54582&groupno=54582&seq=0&KindOfGoods=TICKET
2025 한스 짐머 내한공연 Hans Zimmer Live in Korea ,콘서트,2025년 2월 28일(금) 오후 4시,2025.02.21,https://ticket.interpark.com/webzine/paper/TPNoticeView.asp?bbsno=34&pageno=1&stext=&no=54581&groupno=54581&seq=0&KindOfGoods=TICKET
PEAK FESTIVAL 2025 얼리버드 티켓,콘서트,2025년 2월 24일(월) 오후 6시,2025.02.21,https://tickets.interpark.com/goods/25002448
최현우 19+I - 전주,뮤지컬,2025년 2월 25일(화) 오후 2시,2025.02.21,https://tickets.interpark.com/goods/25002595
2025 박혜신 전국투어 콘서트 ‘각인(刻印)’ - 안양,콘서트,2025년 2월 28일(금) 오후 1시,2025.02.21,https://ticket.interpark.com/webzine/paper/TPNoticeView.asp?bbsno=34&pageno=1&stext=&no=54578&groupno=54578&seq=0&KindOfGoods=TICKET
달콤 스토리 뮤직 페스티벌 2025 - 인천 ,콘서트,2025년 2월 26일(수) 오후 4시,2025.02.21,https://ticket.interpark.com/webzine/paper/TPNoticeView.asp?bbsno=34&pageno=1&stext=&no=54577&groupno=54577&seq=0&KindOfGoods=TICKET
［전주］뮤지컬 한글용사 아이야 〈사라진 한글을 찾아라!〉,아동/가족,2025년 2월 25일(화) 오후 2시,2025.02.21,https://tickets.interpark.com/goods/25002640
뮤지컬 〈알사탕〉 - 안성,콘서트,2025년 2월 28일(금) 오후 2시,2025.02.21,https://ticket.interpark.com/webzine/paper/TPNoticeView.asp?bbsno=34&pageno=1&stext=&no=54575&groupno=54575&seq=0&KindOfGoods=TICKET
뮤지컬 〈알사탕〉 - 서울숲,아동/가족,2025년 2월 28일(금) 오전 11시,2025.02.21,https://ticket.interpark.com/webzine/paper/TPNoticeView.asp?bbsno=34&pageno=1&stext=&no=54574&groupno=54574&seq=0&KindOfGoods=TICKET
2025 앤서니브라운 가족뮤지컬 〈난 책이 좋아요〉 - 울산,아동/가족,2025년 2월 28일(금) 오전 9시,2025.02.21,https://ticket.interpark.com/webzine/paper/TPNoticeView.asp?bbsno=34&pageno=1&stext=&no=54573&groupno=54573&seq=0&KindOfGoods=TICKET
2025 KIHYUN Fan Event 〈TRIP TO KIKITOWN!〉,아동/가족,2025년 2월 27일(목) 오후 7시,2025.02.21,https://ticket.interpark.com/webzine/paper/TPNoticeView.asp?bbsno=34&pageno=1&stext=&no=54572&groupno=54572&seq=0&KindOfGoods=TICKET
가족뮤지컬 〈넘버블록스〉,아동/가족,2025년 2월 26일(수) 오전 11시,2025.02.21,https://tickets.interpark.com/goods/25001408
"헐리우드 영화음악 콘서트 Op. 1(카이,이지혜)",클래식/무용,2025년 2월 26일(수) 오후 2시,2025.02.21,https://ticket.interpark.com/webzine/paper/TPNoticeView.asp?bbsno=34&pageno=1&stext=&no=54570&groupno=54570&seq=0&KindOfGoods=TICKET
"헐리우드 영화음악 콘서트 Op. 1(카이,정선아)",클래식/무용,2025년 2월 26일(수) 오후 3시,2025.02.21,https://ticket.interpark.com/webzine/paper/TPNoticeView.asp?bbsno=34&pageno=1&stext=&no=54569&groupno=54569&seq=0&KindOfGoods=TICKET
